{"match_rate": 0.2545454545454545, "rms_dist": 0.2207728940251036, "comp_valid": 0.2729, "struct_valid": 0.985, "valid": 0.2676, "comp_div": 6.892284113212903, "struct_div": 0.954391423473168, "wdist_density": 4.1524793038956505, "wdist_num_elems": 0.54, "wdist_prop": null, "cov_recall": 0.09090909090909091, "cov_precision": 0.009, "amsd_recall": 0.40045071670085614, "amsd_precision": 0.5054492950577597, "amcd_recall": 0.044102810933674436, "amcd_precision": 2.2842923504571835, "SR5": 0, "SR10": 0, "SR15": 0}