{"val_lattice_loss":0.05626742169260979,"val_natom_loss":0.04694676026701927,"epoch":385,"train_loss_epoch":12.004609107971191,"val_kld_loss":66.7811050415039,"graph_0":{"size":35771,"path":"media/graph/graph_0_summary_f659b462fc72aede959c.graph.json","_type":"graph-file","sha256":"f659b462fc72aede959c95faeb085f2a8308e472945450868f718ff1e5f21566"},"train_lattice_loss_epoch":0.03802783042192459,"train_loss_step":14.142911911010742,"val_type_accuracy":0.8928762078285217,"trainer/global_step":385,"train_lattice_loss_step":0.02712791971862316,"val_lengths_mard":0.06313255429267883,"val_type_loss":0.6140295267105103,"train_type_loss_step":1.6205590963363647,"test_lengths_mard":0.07034113258123398,"train_kld_loss_step":68.09944152832031,"_runtime":31650.7204049,"test_angles_mae":2.867711067199707,"_timestamp":1.7418709795496178e+09,"test_lattice_loss":0.08784882724285126,"test_natom_loss":0.08686976134777069,"val_property_loss":0,"val_angles_mae":2.150963068008423,"train_composition_loss_step":0.6764966249465942,"val_composition_loss":0.6718338131904602,"train_coord_loss_epoch":0.9554781913757324,"val_natom_accuracy":0.9636363387107849,"val_volumes_mard":0.14494110643863678,"test_type_loss":1.8027225732803345,"train_coord_loss_step":1.084658145904541,"val_coord_loss":1.0808840990066528,"train_composition_loss_epoch":0.6670684218406677,"test_natom_accuracy":0.9818181991577148,"test_kld_loss":71.8128890991211,"train_natom_loss_step":0.04700189828872681,"_wandb":{"runtime":31651},"test_property_loss":0,"train_kld_loss_epoch":66.69782257080078,"test_loss":14.122517585754395,"test_volumes_mard":0.12410059571266174,"test_type_accuracy":0.8784918785095215,"train_natom_loss_epoch":0.039542168378829956,"test_composition_loss":0.6905023455619812,"train_type_loss_epoch":0.6959604024887085,"_step":476,"lr-Adam":0.00012959999999999998,"val_loss":11.422870635986328,"test_coord_loss":1.231979489326477}